,,,,,,,,,,,,,,,,,,
,The Juniper Shop Bunny Kisses Easter Wishes Bunny Flutter Sleeve Tee - 2T - Lavender,"Celebrate the Easter season with this charming 'Bunny Kisses Easter Wishes' design featuring a sweet bunny. This adorable print is perfect for adding a touch of whimsy to your spring decor or a fun and festive addition to your Easter outfit. Spread love and joy with this endearing bunny design that is sure to bring a smile to your face. Whether you're adding to your little one's wardrobe or looking for a cute gift idea, this design is a delightful choice for anyone who loves bunnies and the Easter holiday. - 2T - Lavender Dress your little one in the cutest Flutter Sleeve Toddler Tee! Featuring fun and bright colors, this adorable graphic tee is perfect for little girls. Made with high-quality materials, it's the perfect addition to any stylish wardrobe.",FST_Lavender_2T_12581W_F,198749952992,25.99,25.99,10,https://simplysage.pythiastechnologies.com/api/renderImages?blank=FST&blank=https://images1.pythiastechnologies.com/styles/1740090192562.png&colorName=Lavender&design=undefined&side=modelFront,1000,9,1,13,,Solid,Lavender,Lavender,uni-sex,2T
,The Juniper Shop Bunny Kisses Easter Wishes Bunny Flutter Sleeve Tee - 3T - Lavender,"Celebrate the Easter season with this charming 'Bunny Kisses Easter Wishes' design featuring a sweet bunny. This adorable print is perfect for adding a touch of whimsy to your spring decor or a fun and festive addition to your Easter outfit. Spread love and joy with this endearing bunny design that is sure to bring a smile to your face. Whether you're adding to your little one's wardrobe or looking for a cute gift idea, this design is a delightful choice for anyone who loves bunnies and the Easter holiday. - 3T - Lavender Dress your little one in the cutest Flutter Sleeve Toddler Tee! Featuring fun and bright colors, this adorable graphic tee is perfect for little girls. Made with high-quality materials, it's the perfect addition to any stylish wardrobe.",FST_Lavender_3T_12581W_F,198749953005,25.99,25.99,20,https://simplysage.pythiastechnologies.com/api/renderImages?blank=FST&blank=https://images1.pythiastechnologies.com/styles/1740090192562.png&colorName=Lavender&design=undefined&side=modelFront,1000,9,1,13,,Solid,Lavender,Lavender,uni-sex,3T
,The Juniper Shop Bunny Kisses Easter Wishes Bunny Flutter Sleeve Tee - 4T - Lavender,"Celebrate the Easter season with this charming 'Bunny Kisses Easter Wishes' design featuring a sweet bunny. This adorable print is perfect for adding a touch of whimsy to your spring decor or a fun and festive addition to your Easter outfit. Spread love and joy with this endearing bunny design that is sure to bring a smile to your face. Whether you're adding to your little one's wardrobe or looking for a cute gift idea, this design is a delightful choice for anyone who loves bunnies and the Easter holiday. - 4T - Lavender Dress your little one in the cutest Flutter Sleeve Toddler Tee! Featuring fun and bright colors, this adorable graphic tee is perfect for little girls. Made with high-quality materials, it's the perfect addition to any stylish wardrobe.",FST_Lavender_4T_12581W_F,198749953012,25.99,25.99,30,https://simplysage.pythiastechnologies.com/api/renderImages?blank=FST&blank=https://images1.pythiastechnologies.com/styles/1740090192562.png&colorName=Lavender&design=undefined&side=modelFront,1000,9,1,13,,Solid,Lavender,Lavender,uni-sex,4T
,The Juniper Shop Bunny Kisses Easter Wishes Bunny Flutter Sleeve Tee - 5/6T - Lavender,"Celebrate the Easter season with this charming 'Bunny Kisses Easter Wishes' design featuring a sweet bunny. This adorable print is perfect for adding a touch of whimsy to your spring decor or a fun and festive addition to your Easter outfit. Spread love and joy with this endearing bunny design that is sure to bring a smile to your face. Whether you're adding to your little one's wardrobe or looking for a cute gift idea, this design is a delightful choice for anyone who loves bunnies and the Easter holiday. - 5/6T - Lavender Dress your little one in the cutest Flutter Sleeve Toddler Tee! Featuring fun and bright colors, this adorable graphic tee is perfect for little girls. Made with high-quality materials, it's the perfect addition to any stylish wardrobe.",FST_Lavender_5/6T_12581W_F,198749953029,25.99,25.99,10,https://simplysage.pythiastechnologies.com/api/renderImages?blank=FST&blank=https://images1.pythiastechnologies.com/styles/1740090192562.png&colorName=Lavender&design=undefined&side=modelFront,1000,9,1,13,,Solid,Lavender,Lavender,uni-sex,5/6T
,The Juniper Shop Bunny Kisses Easter Wishes Bunny Flutter Sleeve Tee - 2T - Mauve,"Celebrate the Easter season with this charming 'Bunny Kisses Easter Wishes' design featuring a sweet bunny. This adorable print is perfect for adding a touch of whimsy to your spring decor or a fun and festive addition to your Easter outfit. Spread love and joy with this endearing bunny design that is sure to bring a smile to your face. Whether you're adding to your little one's wardrobe or looking for a cute gift idea, this design is a delightful choice for anyone who loves bunnies and the Easter holiday. - 2T - Mauve Dress your little one in the cutest Flutter Sleeve Toddler Tee! Featuring fun and bright colors, this adorable graphic tee is perfect for little girls. Made with high-quality materials, it's the perfect addition to any stylish wardrobe.",FST_Mauve_2T_12581W_F,198749953036,25.99,25.99,10,"https://simplysage.pythiastechnologies.com/api/renderImages?blank=FST&blank=https://images1.pythiastechnologies.com/styles/1740090692516.png&colorName=Mauve&design=https://images1.pythiastechnologies.com/designs/1743277242516.png&side=front,https://simplysage.pythiastechnologies.com/api/renderImages?blank=FST&blank=https://images1.pythiastechnologies.com/styles/1740090756421.png&colorName=Mauve&design=undefined&side=modelFront",1000,9,1,13,,Solid,Mauve,Mauve,uni-sex,2T
,The Juniper Shop Bunny Kisses Easter Wishes Bunny Flutter Sleeve Tee - 3T - Mauve,"Celebrate the Easter season with this charming 'Bunny Kisses Easter Wishes' design featuring a sweet bunny. This adorable print is perfect for adding a touch of whimsy to your spring decor or a fun and festive addition to your Easter outfit. Spread love and joy with this endearing bunny design that is sure to bring a smile to your face. Whether you're adding to your little one's wardrobe or looking for a cute gift idea, this design is a delightful choice for anyone who loves bunnies and the Easter holiday. - 3T - Mauve Dress your little one in the cutest Flutter Sleeve Toddler Tee! Featuring fun and bright colors, this adorable graphic tee is perfect for little girls. Made with high-quality materials, it's the perfect addition to any stylish wardrobe.",FST_Mauve_3T_12581W_F,198749953043,25.99,25.99,20,"https://simplysage.pythiastechnologies.com/api/renderImages?blank=FST&blank=https://images1.pythiastechnologies.com/styles/1740090692516.png&colorName=Mauve&design=https://images1.pythiastechnologies.com/designs/1743277242516.png&side=front,https://simplysage.pythiastechnologies.com/api/renderImages?blank=FST&blank=https://images1.pythiastechnologies.com/styles/1740090756421.png&colorName=Mauve&design=undefined&side=modelFront",1000,9,1,13,,Solid,Mauve,Mauve,uni-sex,3T
,The Juniper Shop Bunny Kisses Easter Wishes Bunny Flutter Sleeve Tee - 4T - Mauve,"Celebrate the Easter season with this charming 'Bunny Kisses Easter Wishes' design featuring a sweet bunny. This adorable print is perfect for adding a touch of whimsy to your spring decor or a fun and festive addition to your Easter outfit. Spread love and joy with this endearing bunny design that is sure to bring a smile to your face. Whether you're adding to your little one's wardrobe or looking for a cute gift idea, this design is a delightful choice for anyone who loves bunnies and the Easter holiday. - 4T - Mauve Dress your little one in the cutest Flutter Sleeve Toddler Tee! Featuring fun and bright colors, this adorable graphic tee is perfect for little girls. Made with high-quality materials, it's the perfect addition to any stylish wardrobe.",FST_Mauve_4T_12581W_F,198749953050,25.99,25.99,30,"https://simplysage.pythiastechnologies.com/api/renderImages?blank=FST&blank=https://images1.pythiastechnologies.com/styles/1740090692516.png&colorName=Mauve&design=https://images1.pythiastechnologies.com/designs/1743277242516.png&side=front,https://simplysage.pythiastechnologies.com/api/renderImages?blank=FST&blank=https://images1.pythiastechnologies.com/styles/1740090756421.png&colorName=Mauve&design=undefined&side=modelFront",1000,9,1,13,,Solid,Mauve,Mauve,uni-sex,4T
,The Juniper Shop Bunny Kisses Easter Wishes Bunny Flutter Sleeve Tee - 5/6T - Mauve,"Celebrate the Easter season with this charming 'Bunny Kisses Easter Wishes' design featuring a sweet bunny. This adorable print is perfect for adding a touch of whimsy to your spring decor or a fun and festive addition to your Easter outfit. Spread love and joy with this endearing bunny design that is sure to bring a smile to your face. Whether you're adding to your little one's wardrobe or looking for a cute gift idea, this design is a delightful choice for anyone who loves bunnies and the Easter holiday. - 5/6T - Mauve Dress your little one in the cutest Flutter Sleeve Toddler Tee! Featuring fun and bright colors, this adorable graphic tee is perfect for little girls. Made with high-quality materials, it's the perfect addition to any stylish wardrobe.",FST_Mauve_5/6T_12581W_F,198749953067,25.99,25.99,10,"https://simplysage.pythiastechnologies.com/api/renderImages?blank=FST&blank=https://images1.pythiastechnologies.com/styles/1740090692516.png&colorName=Mauve&design=https://images1.pythiastechnologies.com/designs/1743277242516.png&side=front,https://simplysage.pythiastechnologies.com/api/renderImages?blank=FST&blank=https://images1.pythiastechnologies.com/styles/1740090756421.png&colorName=Mauve&design=undefined&side=modelFront",1000,9,1,13,,Solid,Mauve,Mauve,uni-sex,5/6T
,The Juniper Shop Bunny Kisses Easter Wishes Bunny Flutter Sleeve Tee - 2T - Seafoam,"Celebrate the Easter season with this charming 'Bunny Kisses Easter Wishes' design featuring a sweet bunny. This adorable print is perfect for adding a touch of whimsy to your spring decor or a fun and festive addition to your Easter outfit. Spread love and joy with this endearing bunny design that is sure to bring a smile to your face. Whether you're adding to your little one's wardrobe or looking for a cute gift idea, this design is a delightful choice for anyone who loves bunnies and the Easter holiday. - 2T - Seafoam Dress your little one in the cutest Flutter Sleeve Toddler Tee! Featuring fun and bright colors, this adorable graphic tee is perfect for little girls. Made with high-quality materials, it's the perfect addition to any stylish wardrobe.",FST_Seafoam_2T_12581W_F,198749953074,25.99,25.99,10,https://simplysage.pythiastechnologies.com/api/renderImages?blank=FST&blank=https://images1.pythiastechnologies.com/styles/1740091286178.png&colorName=Seafoam&design=undefined&side=modelFront,1000,9,1,13,,Solid,Seafoam,Seafoam,uni-sex,2T
,The Juniper Shop Bunny Kisses Easter Wishes Bunny Flutter Sleeve Tee - 3T - Seafoam,"Celebrate the Easter season with this charming 'Bunny Kisses Easter Wishes' design featuring a sweet bunny. This adorable print is perfect for adding a touch of whimsy to your spring decor or a fun and festive addition to your Easter outfit. Spread love and joy with this endearing bunny design that is sure to bring a smile to your face. Whether you're adding to your little one's wardrobe or looking for a cute gift idea, this design is a delightful choice for anyone who loves bunnies and the Easter holiday. - 3T - Seafoam Dress your little one in the cutest Flutter Sleeve Toddler Tee! Featuring fun and bright colors, this adorable graphic tee is perfect for little girls. Made with high-quality materials, it's the perfect addition to any stylish wardrobe.",FST_Seafoam_3T_12581W_F,198749953081,25.99,25.99,20,https://simplysage.pythiastechnologies.com/api/renderImages?blank=FST&blank=https://images1.pythiastechnologies.com/styles/1740091286178.png&colorName=Seafoam&design=undefined&side=modelFront,1000,9,1,13,,Solid,Seafoam,Seafoam,uni-sex,3T
,The Juniper Shop Bunny Kisses Easter Wishes Bunny Flutter Sleeve Tee - 4T - Seafoam,"Celebrate the Easter season with this charming 'Bunny Kisses Easter Wishes' design featuring a sweet bunny. This adorable print is perfect for adding a touch of whimsy to your spring decor or a fun and festive addition to your Easter outfit. Spread love and joy with this endearing bunny design that is sure to bring a smile to your face. Whether you're adding to your little one's wardrobe or looking for a cute gift idea, this design is a delightful choice for anyone who loves bunnies and the Easter holiday. - 4T - Seafoam Dress your little one in the cutest Flutter Sleeve Toddler Tee! Featuring fun and bright colors, this adorable graphic tee is perfect for little girls. Made with high-quality materials, it's the perfect addition to any stylish wardrobe.",FST_Seafoam_4T_12581W_F,198749953098,25.99,25.99,30,https://simplysage.pythiastechnologies.com/api/renderImages?blank=FST&blank=https://images1.pythiastechnologies.com/styles/1740091286178.png&colorName=Seafoam&design=undefined&side=modelFront,1000,9,1,13,,Solid,Seafoam,Seafoam,uni-sex,4T
,The Juniper Shop Bunny Kisses Easter Wishes Bunny Flutter Sleeve Tee - 5/6T - Seafoam,"Celebrate the Easter season with this charming 'Bunny Kisses Easter Wishes' design featuring a sweet bunny. This adorable print is perfect for adding a touch of whimsy to your spring decor or a fun and festive addition to your Easter outfit. Spread love and joy with this endearing bunny design that is sure to bring a smile to your face. Whether you're adding to your little one's wardrobe or looking for a cute gift idea, this design is a delightful choice for anyone who loves bunnies and the Easter holiday. - 5/6T - Seafoam Dress your little one in the cutest Flutter Sleeve Toddler Tee! Featuring fun and bright colors, this adorable graphic tee is perfect for little girls. Made with high-quality materials, it's the perfect addition to any stylish wardrobe.",FST_Seafoam_5/6T_12581W_F,198749953104,25.99,25.99,10,https://simplysage.pythiastechnologies.com/api/renderImages?blank=FST&blank=https://images1.pythiastechnologies.com/styles/1740091286178.png&colorName=Seafoam&design=undefined&side=modelFront,1000,9,1,13,,Solid,Seafoam,Seafoam,uni-sex,5/6T
,The Juniper Shop Bunny Kisses Easter Wishes Bunny Flutter Sleeve Bodysuit - 6M - Mauve,"Celebrate the Easter season with this charming 'Bunny Kisses Easter Wishes' design featuring a sweet bunny. This adorable print is perfect for adding a touch of whimsy to your spring decor or a fun and festive addition to your Easter outfit. Spread love and joy with this endearing bunny design that is sure to bring a smile to your face. Whether you're adding to your little one's wardrobe or looking for a cute gift idea, this design is a delightful choice for anyone who loves bunnies and the Easter holiday. - 6M - Mauve Get your little one ready for a day of play in this adorable Flutter Sleeve Bodysuit. With fun colors, cute graphics, and flutter sleeve detail, this high-quality bodysuit is soft and comfortable for all-day wear.",FSO_Mauve_6M_12581W_F,198749953111,24.99,24.99,20,"https://simplysage.pythiastechnologies.com/api/renderImages?blank=FSO&blank=https://images1.pythiastechnologies.com/styles/1740182735047.png&colorName=Mauve&design=https://images1.pythiastechnologies.com/designs/1743277242516.png&side=front,https://simplysage.pythiastechnologies.com/api/renderImages?blank=FSO&blank=https://images1.pythiastechnologies.com/styles/1740182748538.png&colorName=Mauve&design=https://images1.pythiastechnologies.com/designs/1743277242516.png&side=front,https://simplysage.pythiastechnologies.com/api/renderImages?blank=FSO&blank=https://images1.pythiastechnologies.com/styles/1740182759423.png&colorName=Mauve&design=https://images1.pythiastechnologies.com/designs/1743277242516.png&side=front",1000,9,1,13,,Solid,Mauve,Mauve,uni-sex,6M
,The Juniper Shop Bunny Kisses Easter Wishes Bunny Flutter Sleeve Bodysuit - 12M - Mauve,"Celebrate the Easter season with this charming 'Bunny Kisses Easter Wishes' design featuring a sweet bunny. This adorable print is perfect for adding a touch of whimsy to your spring decor or a fun and festive addition to your Easter outfit. Spread love and joy with this endearing bunny design that is sure to bring a smile to your face. Whether you're adding to your little one's wardrobe or looking for a cute gift idea, this design is a delightful choice for anyone who loves bunnies and the Easter holiday. - 12M - Mauve Get your little one ready for a day of play in this adorable Flutter Sleeve Bodysuit. With fun colors, cute graphics, and flutter sleeve detail, this high-quality bodysuit is soft and comfortable for all-day wear.",FSO_Mauve_12M_12581W_F,198749953128,24.99,24.99,30,"https://simplysage.pythiastechnologies.com/api/renderImages?blank=FSO&blank=https://images1.pythiastechnologies.com/styles/1740182735047.png&colorName=Mauve&design=https://images1.pythiastechnologies.com/designs/1743277242516.png&side=front,https://simplysage.pythiastechnologies.com/api/renderImages?blank=FSO&blank=https://images1.pythiastechnologies.com/styles/1740182748538.png&colorName=Mauve&design=https://images1.pythiastechnologies.com/designs/1743277242516.png&side=front,https://simplysage.pythiastechnologies.com/api/renderImages?blank=FSO&blank=https://images1.pythiastechnologies.com/styles/1740182759423.png&colorName=Mauve&design=https://images1.pythiastechnologies.com/designs/1743277242516.png&side=front",1000,9,1,13,,Solid,Mauve,Mauve,uni-sex,12M
,The Juniper Shop Bunny Kisses Easter Wishes Bunny Flutter Sleeve Bodysuit - 18M - Mauve,"Celebrate the Easter season with this charming 'Bunny Kisses Easter Wishes' design featuring a sweet bunny. This adorable print is perfect for adding a touch of whimsy to your spring decor or a fun and festive addition to your Easter outfit. Spread love and joy with this endearing bunny design that is sure to bring a smile to your face. Whether you're adding to your little one's wardrobe or looking for a cute gift idea, this design is a delightful choice for anyone who loves bunnies and the Easter holiday. - 18M - Mauve Get your little one ready for a day of play in this adorable Flutter Sleeve Bodysuit. With fun colors, cute graphics, and flutter sleeve detail, this high-quality bodysuit is soft and comfortable for all-day wear.",FSO_Mauve_18M_12581W_F,198749953135,24.99,24.99,40,"https://simplysage.pythiastechnologies.com/api/renderImages?blank=FSO&blank=https://images1.pythiastechnologies.com/styles/1740182735047.png&colorName=Mauve&design=https://images1.pythiastechnologies.com/designs/1743277242516.png&side=front,https://simplysage.pythiastechnologies.com/api/renderImages?blank=FSO&blank=https://images1.pythiastechnologies.com/styles/1740182748538.png&colorName=Mauve&design=https://images1.pythiastechnologies.com/designs/1743277242516.png&side=front,https://simplysage.pythiastechnologies.com/api/renderImages?blank=FSO&blank=https://images1.pythiastechnologies.com/styles/1740182759423.png&colorName=Mauve&design=https://images1.pythiastechnologies.com/designs/1743277242516.png&side=front",1000,9,1,13,,Solid,Mauve,Mauve,uni-sex,18M
,The Juniper Shop Bunny Kisses Easter Wishes Bunny Flutter Sleeve Bodysuit - 6M - Seafoam,"Celebrate the Easter season with this charming 'Bunny Kisses Easter Wishes' design featuring a sweet bunny. This adorable print is perfect for adding a touch of whimsy to your spring decor or a fun and festive addition to your Easter outfit. Spread love and joy with this endearing bunny design that is sure to bring a smile to your face. Whether you're adding to your little one's wardrobe or looking for a cute gift idea, this design is a delightful choice for anyone who loves bunnies and the Easter holiday. - 6M - Seafoam Get your little one ready for a day of play in this adorable Flutter Sleeve Bodysuit. With fun colors, cute graphics, and flutter sleeve detail, this high-quality bodysuit is soft and comfortable for all-day wear.",FSO_Seafoam_6M_12581W_F,198749953142,24.99,24.99,20,"https://simplysage.pythiastechnologies.com/api/renderImages?blank=FSO&blank=https://images1.pythiastechnologies.com/styles/1740182855571.png&colorName=Seafoam&design=https://images1.pythiastechnologies.com/designs/1743277242516.png&side=front,https://simplysage.pythiastechnologies.com/api/renderImages?blank=FSO&blank=https://images1.pythiastechnologies.com/styles/1740182869046.png&colorName=Seafoam&design=https://images1.pythiastechnologies.com/designs/1743277242516.png&side=front,https://simplysage.pythiastechnologies.com/api/renderImages?blank=FSO&blank=https://images1.pythiastechnologies.com/styles/1740182879366.png&colorName=Seafoam&design=https://images1.pythiastechnologies.com/designs/1743277242516.png&side=front",1000,9,1,13,,Solid,Seafoam,Seafoam,uni-sex,6M
,The Juniper Shop Bunny Kisses Easter Wishes Bunny Flutter Sleeve Bodysuit - 12M - Seafoam,"Celebrate the Easter season with this charming 'Bunny Kisses Easter Wishes' design featuring a sweet bunny. This adorable print is perfect for adding a touch of whimsy to your spring decor or a fun and festive addition to your Easter outfit. Spread love and joy with this endearing bunny design that is sure to bring a smile to your face. Whether you're adding to your little one's wardrobe or looking for a cute gift idea, this design is a delightful choice for anyone who loves bunnies and the Easter holiday. - 12M - Seafoam Get your little one ready for a day of play in this adorable Flutter Sleeve Bodysuit. With fun colors, cute graphics, and flutter sleeve detail, this high-quality bodysuit is soft and comfortable for all-day wear.",FSO_Seafoam_12M_12581W_F,198749953159,24.99,24.99,30,"https://simplysage.pythiastechnologies.com/api/renderImages?blank=FSO&blank=https://images1.pythiastechnologies.com/styles/1740182855571.png&colorName=Seafoam&design=https://images1.pythiastechnologies.com/designs/1743277242516.png&side=front,https://simplysage.pythiastechnologies.com/api/renderImages?blank=FSO&blank=https://images1.pythiastechnologies.com/styles/1740182869046.png&colorName=Seafoam&design=https://images1.pythiastechnologies.com/designs/1743277242516.png&side=front,https://simplysage.pythiastechnologies.com/api/renderImages?blank=FSO&blank=https://images1.pythiastechnologies.com/styles/1740182879366.png&colorName=Seafoam&design=https://images1.pythiastechnologies.com/designs/1743277242516.png&side=front",1000,9,1,13,,Solid,Seafoam,Seafoam,uni-sex,12M
,The Juniper Shop Bunny Kisses Easter Wishes Bunny Flutter Sleeve Bodysuit - 18M - Seafoam,"Celebrate the Easter season with this charming 'Bunny Kisses Easter Wishes' design featuring a sweet bunny. This adorable print is perfect for adding a touch of whimsy to your spring decor or a fun and festive addition to your Easter outfit. Spread love and joy with this endearing bunny design that is sure to bring a smile to your face. Whether you're adding to your little one's wardrobe or looking for a cute gift idea, this design is a delightful choice for anyone who loves bunnies and the Easter holiday. - 18M - Seafoam Get your little one ready for a day of play in this adorable Flutter Sleeve Bodysuit. With fun colors, cute graphics, and flutter sleeve detail, this high-quality bodysuit is soft and comfortable for all-day wear.",FSO_Seafoam_18M_12581W_F,198749953166,24.99,24.99,40,"https://simplysage.pythiastechnologies.com/api/renderImages?blank=FSO&blank=https://images1.pythiastechnologies.com/styles/1740182855571.png&colorName=Seafoam&design=https://images1.pythiastechnologies.com/designs/1743277242516.png&side=front,https://simplysage.pythiastechnologies.com/api/renderImages?blank=FSO&blank=https://images1.pythiastechnologies.com/styles/1740182869046.png&colorName=Seafoam&design=https://images1.pythiastechnologies.com/designs/1743277242516.png&side=front,https://simplysage.pythiastechnologies.com/api/renderImages?blank=FSO&blank=https://images1.pythiastechnologies.com/styles/1740182879366.png&colorName=Seafoam&design=https://images1.pythiastechnologies.com/designs/1743277242516.png&side=front",1000,9,1,13,,Solid,Seafoam,Seafoam,uni-sex,18M
,The Juniper Shop Bunny Kisses Easter Wishes Bunny Flutter Sleeve Bodysuit - 6M - Lavender,"Celebrate the Easter season with this charming 'Bunny Kisses Easter Wishes' design featuring a sweet bunny. This adorable print is perfect for adding a touch of whimsy to your spring decor or a fun and festive addition to your Easter outfit. Spread love and joy with this endearing bunny design that is sure to bring a smile to your face. Whether you're adding to your little one's wardrobe or looking for a cute gift idea, this design is a delightful choice for anyone who loves bunnies and the Easter holiday. - 6M - Lavender Get your little one ready for a day of play in this adorable Flutter Sleeve Bodysuit. With fun colors, cute graphics, and flutter sleeve detail, this high-quality bodysuit is soft and comfortable for all-day wear.",FSO_Lavender_6M_12581W_F,198749953173,24.99,24.99,20,"https://simplysage.pythiastechnologies.com/api/renderImages?blank=FSO&blank=https://images1.pythiastechnologies.com/styles/1740182628145.png&colorName=Lavender&design=https://images1.pythiastechnologies.com/designs/1743277242516.png&side=front,https://simplysage.pythiastechnologies.com/api/renderImages?blank=FSO&blank=https://images1.pythiastechnologies.com/styles/1740182645424.png&colorName=Lavender&design=https://images1.pythiastechnologies.com/designs/1743277242516.png&side=front,https://simplysage.pythiastechnologies.com/api/renderImages?blank=FSO&blank=https://images1.pythiastechnologies.com/styles/1740182660800.png&colorName=Lavender&design=https://images1.pythiastechnologies.com/designs/1743277242516.png&side=front",1000,9,1,13,,Solid,Lavender,Lavender,uni-sex,6M
,The Juniper Shop Bunny Kisses Easter Wishes Bunny Flutter Sleeve Bodysuit - 12M - Lavender,"Celebrate the Easter season with this charming 'Bunny Kisses Easter Wishes' design featuring a sweet bunny. This adorable print is perfect for adding a touch of whimsy to your spring decor or a fun and festive addition to your Easter outfit. Spread love and joy with this endearing bunny design that is sure to bring a smile to your face. Whether you're adding to your little one's wardrobe or looking for a cute gift idea, this design is a delightful choice for anyone who loves bunnies and the Easter holiday. - 12M - Lavender Get your little one ready for a day of play in this adorable Flutter Sleeve Bodysuit. With fun colors, cute graphics, and flutter sleeve detail, this high-quality bodysuit is soft and comfortable for all-day wear.",FSO_Lavender_12M_12581W_F,198749953180,24.99,24.99,30,"https://simplysage.pythiastechnologies.com/api/renderImages?blank=FSO&blank=https://images1.pythiastechnologies.com/styles/1740182628145.png&colorName=Lavender&design=https://images1.pythiastechnologies.com/designs/1743277242516.png&side=front,https://simplysage.pythiastechnologies.com/api/renderImages?blank=FSO&blank=https://images1.pythiastechnologies.com/styles/1740182645424.png&colorName=Lavender&design=https://images1.pythiastechnologies.com/designs/1743277242516.png&side=front,https://simplysage.pythiastechnologies.com/api/renderImages?blank=FSO&blank=https://images1.pythiastechnologies.com/styles/1740182660800.png&colorName=Lavender&design=https://images1.pythiastechnologies.com/designs/1743277242516.png&side=front",1000,9,1,13,,Solid,Lavender,Lavender,uni-sex,12M
,The Juniper Shop Bunny Kisses Easter Wishes Bunny Flutter Sleeve Bodysuit - 18M - Lavender,"Celebrate the Easter season with this charming 'Bunny Kisses Easter Wishes' design featuring a sweet bunny. This adorable print is perfect for adding a touch of whimsy to your spring decor or a fun and festive addition to your Easter outfit. Spread love and joy with this endearing bunny design that is sure to bring a smile to your face. Whether you're adding to your little one's wardrobe or looking for a cute gift idea, this design is a delightful choice for anyone who loves bunnies and the Easter holiday. - 18M - Lavender Get your little one ready for a day of play in this adorable Flutter Sleeve Bodysuit. With fun colors, cute graphics, and flutter sleeve detail, this high-quality bodysuit is soft and comfortable for all-day wear.",FSO_Lavender_18M_12581W_F,198749953197,24.99,24.99,40,"https://simplysage.pythiastechnologies.com/api/renderImages?blank=FSO&blank=https://images1.pythiastechnologies.com/styles/1740182628145.png&colorName=Lavender&design=https://images1.pythiastechnologies.com/designs/1743277242516.png&side=front,https://simplysage.pythiastechnologies.com/api/renderImages?blank=FSO&blank=https://images1.pythiastechnologies.com/styles/1740182645424.png&colorName=Lavender&design=https://images1.pythiastechnologies.com/designs/1743277242516.png&side=front,https://simplysage.pythiastechnologies.com/api/renderImages?blank=FSO&blank=https://images1.pythiastechnologies.com/styles/1740182660800.png&colorName=Lavender&design=https://images1.pythiastechnologies.com/designs/1743277242516.png&side=front",1000,9,1,13,,Solid,Lavender,Lavender,uni-sex,18M
,The Juniper Shop Bunny Kisses Easter Wishes Bunny Toddler Sweatshirt - 2T - Lavender,"Celebrate the Easter season with this charming 'Bunny Kisses Easter Wishes' design featuring a sweet bunny. This adorable print is perfect for adding a touch of whimsy to your spring decor or a fun and festive addition to your Easter outfit. Spread love and joy with this endearing bunny design that is sure to bring a smile to your face. Whether you're adding to your little one's wardrobe or looking for a cute gift idea, this design is a delightful choice for anyone who loves bunnies and the Easter holiday. - 2T - Lavender Keep your little one cozy and stylish in this high-quality toddler sweatshirt. Made from soft fleece, this comfortable and long-lasting sweatshirt features fun graphic designs that are on-trend and perfect for any playful toddler.",TSWT_Lavender_2T_12581W_F,198749953203,28.99,28.99,10,"https://simplysage.pythiastechnologies.com/api/renderImages?blank=TSWT&blank=https://images1.pythiastechnologies.com/styles/1740092611382.png&colorName=Lavender&design=https://images1.pythiastechnologies.com/designs/1743277242516.png&side=front,https://simplysage.pythiastechnologies.com/api/renderImages?blank=TSWT&blank=https://images1.pythiastechnologies.com/styles/1743279002550.png&colorName=Lavender&design=https://images1.pythiastechnologies.com/designs/1743277242516.png&side=front",1000,9,1,13,,Solid,Lavender,Lavender,uni-sex,2T
,The Juniper Shop Bunny Kisses Easter Wishes Bunny Toddler Sweatshirt - 3T - Lavender,"Celebrate the Easter season with this charming 'Bunny Kisses Easter Wishes' design featuring a sweet bunny. This adorable print is perfect for adding a touch of whimsy to your spring decor or a fun and festive addition to your Easter outfit. Spread love and joy with this endearing bunny design that is sure to bring a smile to your face. Whether you're adding to your little one's wardrobe or looking for a cute gift idea, this design is a delightful choice for anyone who loves bunnies and the Easter holiday. - 3T - Lavender Keep your little one cozy and stylish in this high-quality toddler sweatshirt. Made from soft fleece, this comfortable and long-lasting sweatshirt features fun graphic designs that are on-trend and perfect for any playful toddler.",TSWT_Lavender_3T_12581W_F,198749953210,28.99,28.99,20,"https://simplysage.pythiastechnologies.com/api/renderImages?blank=TSWT&blank=https://images1.pythiastechnologies.com/styles/1740092611382.png&colorName=Lavender&design=https://images1.pythiastechnologies.com/designs/1743277242516.png&side=front,https://simplysage.pythiastechnologies.com/api/renderImages?blank=TSWT&blank=https://images1.pythiastechnologies.com/styles/1743279002550.png&colorName=Lavender&design=https://images1.pythiastechnologies.com/designs/1743277242516.png&side=front",1000,9,1,13,,Solid,Lavender,Lavender,uni-sex,3T
,The Juniper Shop Bunny Kisses Easter Wishes Bunny Toddler Sweatshirt - 4T - Lavender,"Celebrate the Easter season with this charming 'Bunny Kisses Easter Wishes' design featuring a sweet bunny. This adorable print is perfect for adding a touch of whimsy to your spring decor or a fun and festive addition to your Easter outfit. Spread love and joy with this endearing bunny design that is sure to bring a smile to your face. Whether you're adding to your little one's wardrobe or looking for a cute gift idea, this design is a delightful choice for anyone who loves bunnies and the Easter holiday. - 4T - Lavender Keep your little one cozy and stylish in this high-quality toddler sweatshirt. Made from soft fleece, this comfortable and long-lasting sweatshirt features fun graphic designs that are on-trend and perfect for any playful toddler.",TSWT_Lavender_4T_12581W_F,198749953227,28.99,28.99,30,"https://simplysage.pythiastechnologies.com/api/renderImages?blank=TSWT&blank=https://images1.pythiastechnologies.com/styles/1740092611382.png&colorName=Lavender&design=https://images1.pythiastechnologies.com/designs/1743277242516.png&side=front,https://simplysage.pythiastechnologies.com/api/renderImages?blank=TSWT&blank=https://images1.pythiastechnologies.com/styles/1743279002550.png&colorName=Lavender&design=https://images1.pythiastechnologies.com/designs/1743277242516.png&side=front",1000,9,1,13,,Solid,Lavender,Lavender,uni-sex,4T
,The Juniper Shop Bunny Kisses Easter Wishes Bunny Toddler Sweatshirt - 5/6 - Lavender,"Celebrate the Easter season with this charming 'Bunny Kisses Easter Wishes' design featuring a sweet bunny. This adorable print is perfect for adding a touch of whimsy to your spring decor or a fun and festive addition to your Easter outfit. Spread love and joy with this endearing bunny design that is sure to bring a smile to your face. Whether you're adding to your little one's wardrobe or looking for a cute gift idea, this design is a delightful choice for anyone who loves bunnies and the Easter holiday. - 5/6 - Lavender Keep your little one cozy and stylish in this high-quality toddler sweatshirt. Made from soft fleece, this comfortable and long-lasting sweatshirt features fun graphic designs that are on-trend and perfect for any playful toddler.",TSWT_Lavender_5/6_12581W_F,198749953234,28.99,28.99,40,"https://simplysage.pythiastechnologies.com/api/renderImages?blank=TSWT&blank=https://images1.pythiastechnologies.com/styles/1740092611382.png&colorName=Lavender&design=https://images1.pythiastechnologies.com/designs/1743277242516.png&side=front,https://simplysage.pythiastechnologies.com/api/renderImages?blank=TSWT&blank=https://images1.pythiastechnologies.com/styles/1743279002550.png&colorName=Lavender&design=https://images1.pythiastechnologies.com/designs/1743277242516.png&side=front",1000,9,1,13,,Solid,Lavender,Lavender,uni-sex,5/6
,The Juniper Shop Bunny Kisses Easter Wishes Bunny Toddler Sweatshirt - 2T - Seafoam,"Celebrate the Easter season with this charming 'Bunny Kisses Easter Wishes' design featuring a sweet bunny. This adorable print is perfect for adding a touch of whimsy to your spring decor or a fun and festive addition to your Easter outfit. Spread love and joy with this endearing bunny design that is sure to bring a smile to your face. Whether you're adding to your little one's wardrobe or looking for a cute gift idea, this design is a delightful choice for anyone who loves bunnies and the Easter holiday. - 2T - Seafoam Keep your little one cozy and stylish in this high-quality toddler sweatshirt. Made from soft fleece, this comfortable and long-lasting sweatshirt features fun graphic designs that are on-trend and perfect for any playful toddler.",TSWT_Seafoam_2T_12581W_F,198749953241,28.99,28.99,10,,1000,9,1,13,,Solid,Seafoam,Seafoam,uni-sex,2T
,The Juniper Shop Bunny Kisses Easter Wishes Bunny Toddler Sweatshirt - 3T - Seafoam,"Celebrate the Easter season with this charming 'Bunny Kisses Easter Wishes' design featuring a sweet bunny. This adorable print is perfect for adding a touch of whimsy to your spring decor or a fun and festive addition to your Easter outfit. Spread love and joy with this endearing bunny design that is sure to bring a smile to your face. Whether you're adding to your little one's wardrobe or looking for a cute gift idea, this design is a delightful choice for anyone who loves bunnies and the Easter holiday. - 3T - Seafoam Keep your little one cozy and stylish in this high-quality toddler sweatshirt. Made from soft fleece, this comfortable and long-lasting sweatshirt features fun graphic designs that are on-trend and perfect for any playful toddler.",TSWT_Seafoam_3T_12581W_F,198749953258,28.99,28.99,20,,1000,9,1,13,,Solid,Seafoam,Seafoam,uni-sex,3T
,The Juniper Shop Bunny Kisses Easter Wishes Bunny Toddler Sweatshirt - 4T - Seafoam,"Celebrate the Easter season with this charming 'Bunny Kisses Easter Wishes' design featuring a sweet bunny. This adorable print is perfect for adding a touch of whimsy to your spring decor or a fun and festive addition to your Easter outfit. Spread love and joy with this endearing bunny design that is sure to bring a smile to your face. Whether you're adding to your little one's wardrobe or looking for a cute gift idea, this design is a delightful choice for anyone who loves bunnies and the Easter holiday. - 4T - Seafoam Keep your little one cozy and stylish in this high-quality toddler sweatshirt. Made from soft fleece, this comfortable and long-lasting sweatshirt features fun graphic designs that are on-trend and perfect for any playful toddler.",TSWT_Seafoam_4T_12581W_F,198749953265,28.99,28.99,30,,1000,9,1,13,,Solid,Seafoam,Seafoam,uni-sex,4T
,The Juniper Shop Bunny Kisses Easter Wishes Bunny Toddler Sweatshirt - 5/6 - Seafoam,"Celebrate the Easter season with this charming 'Bunny Kisses Easter Wishes' design featuring a sweet bunny. This adorable print is perfect for adding a touch of whimsy to your spring decor or a fun and festive addition to your Easter outfit. Spread love and joy with this endearing bunny design that is sure to bring a smile to your face. Whether you're adding to your little one's wardrobe or looking for a cute gift idea, this design is a delightful choice for anyone who loves bunnies and the Easter holiday. - 5/6 - Seafoam Keep your little one cozy and stylish in this high-quality toddler sweatshirt. Made from soft fleece, this comfortable and long-lasting sweatshirt features fun graphic designs that are on-trend and perfect for any playful toddler.",TSWT_Seafoam_5/6_12581W_F,198749953272,28.99,28.99,40,,1000,9,1,13,,Solid,Seafoam,Seafoam,uni-sex,5/6
,The Juniper Shop Bunny Kisses Easter Wishes Bunny Toddler Sweatshirt - 2T - Navy,"Celebrate the Easter season with this charming 'Bunny Kisses Easter Wishes' design featuring a sweet bunny. This adorable print is perfect for adding a touch of whimsy to your spring decor or a fun and festive addition to your Easter outfit. Spread love and joy with this endearing bunny design that is sure to bring a smile to your face. Whether you're adding to your little one's wardrobe or looking for a cute gift idea, this design is a delightful choice for anyone who loves bunnies and the Easter holiday. - 2T - Navy Keep your little one cozy and stylish in this high-quality toddler sweatshirt. Made from soft fleece, this comfortable and long-lasting sweatshirt features fun graphic designs that are on-trend and perfect for any playful toddler.",TSWT_Navy_2T_12581W_F,198749953289,28.99,28.99,10,,1000,9,1,13,,Solid,Navy,Navy,uni-sex,2T
,The Juniper Shop Bunny Kisses Easter Wishes Bunny Toddler Sweatshirt - 3T - Navy,"Celebrate the Easter season with this charming 'Bunny Kisses Easter Wishes' design featuring a sweet bunny. This adorable print is perfect for adding a touch of whimsy to your spring decor or a fun and festive addition to your Easter outfit. Spread love and joy with this endearing bunny design that is sure to bring a smile to your face. Whether you're adding to your little one's wardrobe or looking for a cute gift idea, this design is a delightful choice for anyone who loves bunnies and the Easter holiday. - 3T - Navy Keep your little one cozy and stylish in this high-quality toddler sweatshirt. Made from soft fleece, this comfortable and long-lasting sweatshirt features fun graphic designs that are on-trend and perfect for any playful toddler.",TSWT_Navy_3T_12581W_F,198749953296,28.99,28.99,20,,1000,9,1,13,,Solid,Navy,Navy,uni-sex,3T
,The Juniper Shop Bunny Kisses Easter Wishes Bunny Toddler Sweatshirt - 4T - Navy,"Celebrate the Easter season with this charming 'Bunny Kisses Easter Wishes' design featuring a sweet bunny. This adorable print is perfect for adding a touch of whimsy to your spring decor or a fun and festive addition to your Easter outfit. Spread love and joy with this endearing bunny design that is sure to bring a smile to your face. Whether you're adding to your little one's wardrobe or looking for a cute gift idea, this design is a delightful choice for anyone who loves bunnies and the Easter holiday. - 4T - Navy Keep your little one cozy and stylish in this high-quality toddler sweatshirt. Made from soft fleece, this comfortable and long-lasting sweatshirt features fun graphic designs that are on-trend and perfect for any playful toddler.",TSWT_Navy_4T_12581W_F,198749953302,28.99,28.99,30,,1000,9,1,13,,Solid,Navy,Navy,uni-sex,4T
,The Juniper Shop Bunny Kisses Easter Wishes Bunny Toddler Sweatshirt - 5/6 - Navy,"Celebrate the Easter season with this charming 'Bunny Kisses Easter Wishes' design featuring a sweet bunny. This adorable print is perfect for adding a touch of whimsy to your spring decor or a fun and festive addition to your Easter outfit. Spread love and joy with this endearing bunny design that is sure to bring a smile to your face. Whether you're adding to your little one's wardrobe or looking for a cute gift idea, this design is a delightful choice for anyone who loves bunnies and the Easter holiday. - 5/6 - Navy Keep your little one cozy and stylish in this high-quality toddler sweatshirt. Made from soft fleece, this comfortable and long-lasting sweatshirt features fun graphic designs that are on-trend and perfect for any playful toddler.",TSWT_Navy_5/6_12581W_F,198749953319,28.99,28.99,40,,1000,9,1,13,,Solid,Navy,Navy,uni-sex,5/6
